{
  "hash": "63314afb",
  "configHash": "1bdd2507",
  "lockfileHash": "780a1432",
  "browserHash": "7aa0928c",
  "optimized": {
    "@angular/cdk/bidi": {
      "src": "../../../../../../node_modules/@angular/cdk/fesm2022/bidi.mjs",
      "file": "@angular_cdk_bidi.js",
      "fileHash": "e4517f0a",
      "needsInterop": false
    },
    "@angular/common": {
      "src": "../../../../../../node_modules/@angular/common/fesm2022/common.mjs",
      "file": "@angular_common.js",
      "fileHash": "70f7b6b7",
      "needsInterop": false
    },
    "@angular/common/http": {
      "src": "../../../../../../node_modules/@angular/common/fesm2022/http.mjs",
      "file": "@angular_common_http.js",
      "fileHash": "99a585d6",
      "needsInterop": false
    },
    "@angular/core": {
      "src": "../../../../../../node_modules/@angular/core/fesm2022/core.mjs",
      "file": "@angular_core.js",
      "fileHash": "f5f0563c",
      "needsInterop": false
    },
    "@angular/forms": {
      "src": "../../../../../../node_modules/@angular/forms/fesm2022/forms.mjs",
      "file": "@angular_forms.js",
      "fileHash": "eb7bfa0a",
      "needsInterop": false
    },
    "@angular/material/button": {
      "src": "../../../../../../node_modules/@angular/material/fesm2022/button.mjs",
      "file": "@angular_material_button.js",
      "fileHash": "f0e0fb20",
      "needsInterop": false
    },
    "@angular/material/divider": {
      "src": "../../../../../../node_modules/@angular/material/fesm2022/divider.mjs",
      "file": "@angular_material_divider.js",
      "fileHash": "5386da16",
      "needsInterop": false
    },
    "@angular/material/form-field": {
      "src": "../../../../../../node_modules/@angular/material/fesm2022/form-field.mjs",
      "file": "@angular_material_form-field.js",
      "fileHash": "3779796b",
      "needsInterop": false
    },
    "@angular/material/list": {
      "src": "../../../../../../node_modules/@angular/material/fesm2022/list.mjs",
      "file": "@angular_material_list.js",
      "fileHash": "ebb60251",
      "needsInterop": false
    },
    "@angular/material/table": {
      "src": "../../../../../../node_modules/@angular/material/fesm2022/table.mjs",
      "file": "@angular_material_table.js",
      "fileHash": "37b5d7cb",
      "needsInterop": false
    },
    "@angular/material/toolbar": {
      "src": "../../../../../../node_modules/@angular/material/fesm2022/toolbar.mjs",
      "file": "@angular_material_toolbar.js",
      "fileHash": "d2297c1a",
      "needsInterop": false
    },
    "@angular/platform-browser": {
      "src": "../../../../../../node_modules/@angular/platform-browser/fesm2022/platform-browser.mjs",
      "file": "@angular_platform-browser.js",
      "fileHash": "4eca12cb",
      "needsInterop": false
    },
    "@angular/router": {
      "src": "../../../../../../node_modules/@angular/router/fesm2022/router.mjs",
      "file": "@angular_router.js",
      "fileHash": "fbe16b32",
      "needsInterop": false
    },
    "sweetalert2": {
      "src": "../../../../../../node_modules/sweetalert2/dist/sweetalert2.esm.all.js",
      "file": "sweetalert2.js",
      "fileHash": "32c8abd9",
      "needsInterop": false
    }
  },
  "chunks": {
    "chunk-MS7NHHWF": {
      "file": "chunk-MS7NHHWF.js"
    },
    "chunk-KRLTEJRQ": {
      "file": "chunk-KRLTEJRQ.js"
    },
    "chunk-4G4PTCR7": {
      "file": "chunk-4G4PTCR7.js"
    },
    "chunk-4EVMUM2C": {
      "file": "chunk-4EVMUM2C.js"
    },
    "chunk-OIZAD6NR": {
      "file": "chunk-OIZAD6NR.js"
    },
    "chunk-CEIXX2I2": {
      "file": "chunk-CEIXX2I2.js"
    },
    "chunk-CGHAWU5J": {
      "file": "chunk-CGHAWU5J.js"
    },
    "chunk-LU3HEBPE": {
      "file": "chunk-LU3HEBPE.js"
    },
    "chunk-CIGKH54X": {
      "file": "chunk-CIGKH54X.js"
    },
    "chunk-U2O2N5MM": {
      "file": "chunk-U2O2N5MM.js"
    },
    "chunk-33YLY63T": {
      "file": "chunk-33YLY63T.js"
    },
    "chunk-TJWKQZUR": {
      "file": "chunk-TJWKQZUR.js"
    },
    "chunk-QL5OXR7T": {
      "file": "chunk-QL5OXR7T.js"
    },
    "chunk-QFYFK63A": {
      "file": "chunk-QFYFK63A.js"
    },
    "chunk-OXE7ACSC": {
      "file": "chunk-OXE7ACSC.js"
    },
    "chunk-WDMUDEB6": {
      "file": "chunk-WDMUDEB6.js"
    }
  }
}